{"archipack_material": {"category": "window", "material": "PVC WHITE"}, "archipack_window": {"altitude": 1.0, "angle_y": 0.0, "auto_mat": true, "blind_inside": false, "blind_outside": false, "curtain_rod_alt": -0.05000000074505806, "curtain_rod_enable": false, "curtain_rod_radius": 0.014999999664723873, "curtain_rod_x": 0.05000000074505806, "curtain_rod_y": 0.15000000596046448, "curtain_sill_alt": 0.0, "curtain_sill_enable": false, "curtain_sill_x": 0.05000000074505806, "curtain_sill_y": 0.20000000298023224, "curtain_sill_z": 0.029999999329447746, "curve_steps": 16, "elipsis_b": 0.5, "enable_glass": true, "flip": false, "frame_overflow": 0.05999999865889549, "frame_x": 0.05999999865889549, "frame_y": 0.11999999731779099, "handle_altitude": 1.399999976158142, "handle_enable": true, "hole_margin": 0.10000000149011612, "idmat": [2, 1, 0, 1, 4, 3, 7, 5, 3, 5, 6, 1, 3], "in_tablet_enable": true, "in_tablet_x": 0.03999999910593033, "in_tablet_y": 0.03999999910593033, "in_tablet_z": 0.029999999329447746, "mat_hole_inside": 0, "mat_hole_outside": 1, "n_rows": 2, "offset": 0.14000000059604645, "out_frame": false, "out_frame_offset": 0.0, "out_frame_x": 0.10000000149011612, "out_frame_y": 0.019999999552965164, "out_frame_y2": 0.019999999552965164, "out_tablet_enable": true, "out_tablet_x": 0.03999999910593033, "out_tablet_y": 0.03999999910593033, "out_tablet_z": 0.029999999329447746, "overflow_out": 0.0, "panel_x": 0.05999999865889549, "panel_y": 0.05999999865889549, "portal": false, "portal_energy": 0.30000001192092896, "radius": 2.5, "rail_depth": 0.004999999888241291, "rail_frame_depth": 0.009999999776482582, "rows": [{"cols": 1, "fixed": [false, false, false, false, false, false, false, false, false, false, false, false, false, false, false, false, false, false, false, false, false, false, false, false, false, false, false, false, false, false, false, false], "height": 0.550000011920929, "n_cols": 1, "width": [50.0, 33.33333206176758, 50.0, 50.0, 50.0, 50.0, 50.0, 50.0, 50.0, 50.0, 50.0, 50.0, 50.0, 50.0, 50.0, 50.0, 50.0, 50.0, 50.0, 50.0, 50.0, 50.0, 50.0, 50.0, 50.0, 50.0, 50.0, 50.0, 50.0, 50.0, 50.0]}, {"cols": 1, "fixed": [false, false, false, false, false, false, false, false, false, false, false, false, false, false, false, false, false, false, false, false, false, false, false, false, false, false, false, false, false, false, false, false], "height": 1.0, "n_cols": 1, "width": [50.0, 50.0, 50.0, 50.0, 50.0, 50.0, 50.0, 50.0, 50.0, 50.0, 50.0, 50.0, 50.0, 50.0, 50.0, 50.0, 50.0, 50.0, 50.0, 50.0, 50.0, 50.0, 50.0, 50.0, 50.0, 50.0, 50.0, 50.0, 50.0, 50.0, 50.0]}], "shutter_border": 0.10000000149011612, "shutter_depth": 0.03999999910593033, "shutter_enable": false, "shutter_hinge": 0.029999999329447746, "shutter_left": 1, "shutter_right": 1, "window_shape": "RECTANGLE", "window_type": "HUNG", "x": 1.2000000476837158, "z": 1.100000023841858}}