{"archipack_material": {"category": "window", "material": "PVC WHITE", "name": ""}, "archipack_window": {"altitude": 1.0, "angle_y": 0.0, "auto_mat": true, "blind_enable": false, "blind_inside": false, "blind_open": 80.0, "blind_outside": false, "blind_y": 0.0020000000949949026, "blind_z": 0.029999999329447746, "curve_steps": 16, "elipsis_b": 0.5, "enable_glass": true, "flip": false, "frame_overflow": 0.05999999865889549, "frame_x": 0.05999999865889549, "frame_y": 0.05999999865889549, "handle_altitude": 1.399999976158142, "handle_enable": true, "hole_margin": 0.10000000149011612, "idmat": [2, 1, 0, 1, 4, 3, 7, 5, 3, 5, 6], "in_tablet_enable": true, "in_tablet_x": 0.03999999910593033, "in_tablet_y": 0.03999999910593033, "in_tablet_z": 0.029999999329447746, "mat_hole_inside": 0, "mat_hole_outside": 1, "n_rows": 1, "offset": 0.10000000149011612, "out_frame": false, "out_frame_offset": 0.0, "out_frame_x": 0.10000000149011612, "out_frame_y": 0.019999999552965164, "out_frame_y2": 0.019999999552965164, "out_tablet_enable": true, "out_tablet_x": 0.03999999910593033, "out_tablet_y": 0.03999999910593033, "out_tablet_z": 0.029999999329447746, "overflow_out": 0.0, "panel_x": 0.05999999865889549, "panel_y": 0.05999999865889549, "portal": false, "radius": 2.5, "rows": [{"cols": 2, "fixed": [false, false, false, false, false, false, false, false, false, false, false, false, false, false, false, false, false, false, false, false, false, false, false, false, false, false, false, false, false, false, false, false], "height": 1.0, "n_cols": 2, "width": [50.0, 33.33333206176758, 50.0, 50.0, 50.0, 50.0, 50.0, 50.0, 50.0, 50.0, 50.0, 50.0, 50.0, 50.0, 50.0, 50.0, 50.0, 50.0, 50.0, 50.0, 50.0, 50.0, 50.0, 50.0, 50.0, 50.0, 50.0, 50.0, 50.0, 50.0, 50.0]}], "shutter_border": 0.10000000149011612, "shutter_depth": 0.03999999910593033, "shutter_enable": false, "shutter_hinge": 0.029999999329447746, "shutter_left": 1, "shutter_right": 1, "window_shape": "RECTANGLE", "window_type": "FLAT", "x": 1.2000000476837158, "z": 1.100000023841858}}