{"archipack_kitchen": {"base_height": 0.08000000566244125, "base_sink": 0.05000000074505806, "baseboard": true, "cabinet_num": 1, "cabinets": [{"angle": 0.0, "base_front": 0.0, "base_left": false, "base_right": false, "base_sink": 0.05000000074505806, "baseboard": true, "cab_location": "1", "counter": "1", "counter_x": 0.5, "counter_y": 0.4000000059604645, "dy": 0.0, "dz": 0.0, "idmat": [0, 1, 2, 8, 4, 5, 6, 5, 12, 10, 11, 9, 8, 12, 9, 1, 9, 12, 9, 9, 12], "idmat_override": false, "lock_p": true, "modules": [{"handle": true, "idmat": [0, 1, 1, 8, 1, 5, 6, 5, 12, 10, 11, 9, 8, 12, 9, 1, 9, 12, 9, 9, 12], "idmat_override": false, "modules": 8, "shelves": 1, "type": "1", "z": 0.7620000243186951}], "n_modules": 1, "panel_left": false, "panel_left_width": 0.017999999225139618, "panel_right": false, "panel_right_width": 0.017999999225139618, "px": 0.0, "py": 0.0, "pz": 0.0, "reset_location": false, "rotate": "0", "type": "0", "uid": 0, "x": 0.6000000238418579}], "counter": true, "counter_chanfer": 0.0010000000474974513, "counter_y": 0.029999999329447746, "counter_z": 0.02500000037252903, "door_board_chanfer": 0.0010000000474974513, "door_chanfer": 0.0010000000474974513, "door_gap": 0.001999998465180397, "door_style": "11", "door_x": 0.08000000566244125, "door_y": 0.017999999225139618, "handle": "140", "handle_dx": 0.05000000074505806, "handle_dz": 0.1809999942779541, "handle_fit": false, "handle_r": 0.09999999403953552, "handle_space": 0.9300000071525574, "handle_x": 0.14000000059604645, "handle_y": 0.031000012531876564, "handle_z": 0.009999999776482582, "idmat": [0, 1, 2, 8, 1, 7, 3, 5, 9, 10, 12, 5, 8, 10, 5, 1, 5, 9, 5, 5, 11], "module_size": 0.10000000149011612, "modules_default": 8, "modules_full": 20, "modules_wall": 8, "thickness": 0.017999999225139618, "y": 0.6000000238418579, "yw": 0.3700000047683716, "z_default": 0.7620000243186951, "z_full": 2.0320000648498535, "z_mode": "1", "z_wall": 0.7620000243186951}, "archipack_material": {"category": "kitchen", "material": "DEFAULT", "name": ""}}