{"archipack_blind": {"altitude": 1.7000000476837158, "angle": 0.0, "blind_angle": 1.5707963705062866, "frame_depth": 0.03999999910593033, "frame_enable": true, "frame_height": 0.20000000298023224, "offset_y": 0.0, "panels": 2, "ratio": 100.0, "style": "SLAT", "x": 1.0, "y": 0.03999999910593033, "z": 1.2000000476837158}, "archipack_material": {"category": "blind", "material": "DEFAULT", "name": ""}}