{"archipack_material": {"category": "roof", "material": "RANDOM STONE TILES", "name": ""}, "archipack_roof": {"bargeboard_altitude": 0.10000000149011612, "bargeboard_enable": true, "bargeboard_height": 0.30000001192092896, "bargeboard_offset": 0.0010000000474974513, "bargeboard_width": 0.019999999552965164, "beam_alt": -0.15000000596046448, "beam_enable": true, "beam_height": 0.3499999940395355, "beam_offset": 0.019999999552965164, "beam_sec_alt": -0.10000000149011612, "beam_sec_enable": true, "beam_sec_height": 0.20000000298023224, "beam_sec_width": 0.15000000596046448, "beam_width": 0.20000000298023224, "fascia_altitude": 0.10000000149011612, "fascia_enable": true, "fascia_height": 0.30000001192092896, "fascia_offset": 0.0, "fascia_width": 0.019999999552965164, "gutter_alt": 0.0, "gutter_boudin": 0.014999999664723873, "gutter_dist": 0.05000000074505806, "gutter_enable": true, "gutter_segs": 6, "gutter_width": 0.15000000596046448, "hip_alt": 0.12999999523162842, "hip_enable": true, "hip_model": "FLAT", "hip_size_x": 0.41999998688697815, "hip_size_y": 0.15000000596046448, "hip_size_z": 0.05999999865889549, "hip_space_x": 0.4000000059604645, "hole_offset_front": 0.0, "hole_offset_left": 0.0, "hole_offset_right": 0.0, "idmat_bargeboard": 1, "idmat_covering": 3, "idmat_fascia": 1, "idmat_gutter": 2, "idmat_hip": 3, "idmat_lambris": 1, "idmat_rafter": 0, "idmat_ridge_pole": 1, "origin": [0.0, 0.0, 4.640000343322754], "rafter_alt": -0.0010000000474974513, "rafter_enable": true, "rafter_height": 0.20000000298023224, "rafter_spacing": 0.699999988079071, "rafter_start": 0.10000000149011612, "rafter_width": 0.10000000149011612, "schrinkwrap_target": false, "t_dist_x": 0.0, "t_dist_y": 9.999999747378752e-05, "t_parent": "", "t_part": 0, "tile_alternate": true, "tile_altitude": 0.10000000149011612, "tile_bevel": false, "tile_bevel_amt": 50.0, "tile_bevel_segs": 3, "tile_border": 0.0, "tile_couloir": 0.05000000074505806, "tile_enable": true, "tile_fit_x": false, "tile_fit_y": false, "tile_height": 0.019999999552965164, "tile_model": "LAUZE", "tile_offset": 0.0, "tile_side": 0.0, "tile_size_x": 0.6000000238418579, "tile_size_y": 0.6000000238418579, "tile_size_z": 0.03999999910593033, "tile_solidify": true, "tile_space_x": 0.6100000143051147, "tile_space_y": 0.30000001192092896, "valley_altitude": 0.10000000149011612, "valley_enable": true}}