{"archipack_material": {"category": "stair", "material": "WALNUT", "name": ""}, "archipack_stair": {"bottom_z": 0.029999999329447746, "da": 1.5707963705062866, "handrail_alt": 1.0, "handrail_extend": 0.10000000149011612, "handrail_offset": 0.0, "handrail_profil": "SQUARE", "handrail_radius": 0.019999999552965164, "handrail_slice_left": true, "handrail_slice_right": true, "handrail_x": 0.03999999910593033, "handrail_y": 0.03999999910593033, "height": 2.700000047683716, "idmat": [3, 1, 1, 3, 3, 1, 3, 5, 4, 4, 3], "left_handrail": true, "left_panel": true, "left_post": true, "left_rail": false, "left_shape": "RECTANGLE", "left_string": false, "left_subs": false, "n_parts": 3, "nose_type": "STRAIGHT", "nose_y": 0.019999999552965164, "nose_z": 0.029999999329447746, "panel_alt": 0.25, "panel_dist": 0.05000000074505806, "panel_offset_x": 0.0, "panel_x": 0.009999999776482582, "panel_z": 0.6000000238418579, "parts": [{"da": 1.5707963705062866, "left_shape": "RECTANGLE", "length": 1.5, "radius": 0.699999988079071, "right_shape": "RECTANGLE", "type": "S_STAIR", "uid": 0}, {"da": 1.5707963705062866, "left_shape": "RECTANGLE", "length": 2.0, "radius": 0.699999988079071, "right_shape": "RECTANGLE", "type": "C_STAIR", "uid": 8}, {"da": 1.5707963705062866, "left_shape": "RECTANGLE", "length": 1.5, "radius": 0.699999988079071, "right_shape": "RECTANGLE", "type": "S_STAIR", "uid": 16}], "post_alt": 0.0, "post_corners": false, "post_offset_x": 0.019999999552965164, "post_spacing": 1.1799999475479126, "post_x": 0.03999999910593033, "post_y": 0.03999999910593033, "post_z": 1.0, "presets": "STAIR_L", "radius": 0.800000011920929, "rail_n": 0, "rails": [], "right_handrail": true, "right_panel": true, "right_post": true, "right_rail": false, "right_shape": "RECTANGLE", "right_string": false, "right_subs": false, "step_depth": 0.30000001192092896, "steps_type": "CLOSED", "string_alt": -0.03999999910593033, "string_offset": 0.0, "string_x": 0.019999999552965164, "string_z": 0.30000001192092896, "subs_alt": 0.0, "subs_bottom": "STEP", "subs_offset_x": 0.0, "subs_spacing": 0.10000000149011612, "subs_x": 0.019999999552965164, "subs_y": 0.019999999552965164, "subs_z": 1.0, "total_angle": 6.2831854820251465, "user_defined_post": "", "user_defined_post_enable": true, "user_defined_subs": "", "user_defined_subs_enable": true, "width": 1.2000000476837158, "x_offset": 0.0, "z_mode": "STANDARD"}}