{"archipack_door": {"auto_mat": true, "chanfer": 0.004999999888241291, "direction": 0, "door_offset": 0.0, "door_y": 0.019999999552965164, "flip": false, "frame_x": 0.10000000149011612, "frame_y": 0.029999999329447746, "handle": "BOTH", "hole_margin": 0.10000000149011612, "idmat": [0, 0, 0, 0, 0, 0, 4, 5, 3], "mat_hole_inside": 0, "mat_hole_outside": 1, "model": 3, "n_panels": 1, "panel_border": 0.20000000298023224, "panel_bottom": 0.0, "panel_spacing": 0.12000000476837158, "panels_distrib": "REGULAR", "panels_x": 1, "panels_y": 2, "sill_enable": true, "sill_x": 0.03999999910593033, "sill_y": 0.04999999701976776, "sill_z": 0.04999999701976776, "soil_enable": true, "soil_y": 0.019999999552965164, "soil_z": 0.0010000000474974513, "x": 0.800000011920929, "z": 2.0, "z_offset": 0.10000000149011612}, "archipack_material": {"category": "door", "material": "DEFAULT", "name": ""}}